id,fname,lname,age,gen,social_status,context_id
c9bd5164-cbaf-11ec-9a69-2cfda1aeea94,Victor,Allen,2,1,3,f430c649-b67e-47c7-8e2a-7123796bea70
c9bd5165-cbaf-11ec-a7e8-2cfda1aeea94,Amanda,Rowe,3,0,3,f430c649-b67e-47c7-8e2a-7123796bea70
c9bd5166-cbaf-11ec-b5b8-2cfda1aeea94,Kenneth,Randolph,4,1,3,f430c649-b67e-47c7-8e2a-7123796bea70
c9bd5167-cbaf-11ec-b629-2cfda1aeea94,Elizabeth,Conger,5,0,3,f430c649-b67e-47c7-8e2a-7123796bea70
c9bd5168-cbaf-11ec-a382-2cfda1aeea94,Charles,Miranda,6,1,3,f430c649-b67e-47c7-8e2a-7123796bea70
c9bd5169-cbaf-11ec-a941-2cfda1aeea94,Lillian,Alford,7,0,3,f430c649-b67e-47c7-8e2a-7123796bea70
c9bd516a-cbaf-11ec-ad1a-2cfda1aeea94,Brian,Jones,8,1,3,f430c649-b67e-47c7-8e2a-7123796bea70
c9bd516b-cbaf-11ec-9e80-2cfda1aeea94,Bernice,Daniels,9,0,3,f430c649-b67e-47c7-8e2a-7123796bea70
c9bd516c-cbaf-11ec-af4c-2cfda1aeea94,Gene,Silva,10,1,3,f430c649-b67e-47c7-8e2a-7123796bea70
c9bfb398-cbaf-11ec-b08c-2cfda1aeea94,Gladys,Finch,11,0,3,f430c649-b67e-47c7-8e2a-7123796bea70
c9bfb399-cbaf-11ec-9726-2cfda1aeea94,Steve,Sherrill,12,1,3,f430c649-b67e-47c7-8e2a-7123796bea70
c9bfb39a-cbaf-11ec-9a4b-2cfda1aeea94,Mary,Patel,13,0,3,f430c649-b67e-47c7-8e2a-7123796bea70
c9bfb39b-cbaf-11ec-9297-2cfda1aeea94,David,Donovan,14,1,3,f430c649-b67e-47c7-8e2a-7123796bea70
c9bfb39c-cbaf-11ec-8c41-2cfda1aeea94,Lillian,Fox,15,0,3,f430c649-b67e-47c7-8e2a-7123796bea70
c9bfb39d-cbaf-11ec-ba30-2cfda1aeea94,Stephen,Owens,16,1,3,f430c649-b67e-47c7-8e2a-7123796bea70
c9bfb39e-cbaf-11ec-9935-2cfda1aeea94,Sherry,Morgan,17,0,3,f430c649-b67e-47c7-8e2a-7123796bea70
c9bfb39f-cbaf-11ec-bae5-2cfda1aeea94,Bradly,Coble,18,1,2,f430c649-b67e-47c7-8e2a-7123796bea70
c9bfb3a0-cbaf-11ec-986d-2cfda1aeea94,Marlen,Demaire,19,0,2,f430c649-b67e-47c7-8e2a-7123796bea70
c9c7d8be-cbaf-11ec-9e8b-2cfda1aeea94,Clyde,Hofmann,20,1,2,f430c649-b67e-47c7-8e2a-7123796bea70
c9c7d8bf-cbaf-11ec-937b-2cfda1aeea94,Laurie,Campbell,21,0,2,f430c649-b67e-47c7-8e2a-7123796bea70
c9c7d8c0-cbaf-11ec-af68-2cfda1aeea94,Nicholas,Nevin,22,1,2,f430c649-b67e-47c7-8e2a-7123796bea70
c9ca3c37-cbaf-11ec-8bab-2cfda1aeea94,Brenda,Brenner,23,0,4,f430c649-b67e-47c7-8e2a-7123796bea70
c9ca3c38-cbaf-11ec-9fc2-2cfda1aeea94,Robert,Johnston,24,1,0,f430c649-b67e-47c7-8e2a-7123796bea70
c9ca3c39-cbaf-11ec-8f10-2cfda1aeea94,Olivia,Sherrill,25,0,4,f430c649-b67e-47c7-8e2a-7123796bea70
c9ca3c3a-cbaf-11ec-b74e-2cfda1aeea94,Joe,Wong,26,1,0,f430c649-b67e-47c7-8e2a-7123796bea70
c9ca3c3b-cbaf-11ec-b0a7-2cfda1aeea94,Bernice,Bryant,27,0,4,f430c649-b67e-47c7-8e2a-7123796bea70
c9ca3c3c-cbaf-11ec-9bad-2cfda1aeea94,Gary,Keirn,28,1,0,f430c649-b67e-47c7-8e2a-7123796bea70
c9cef07a-cbaf-11ec-8859-2cfda1aeea94,Nancy,Hill,29,0,4,f430c649-b67e-47c7-8e2a-7123796bea70
c9cf1772-cbaf-11ec-a8e6-2cfda1aeea94,Frank,Marquez,30,1,0,f430c649-b67e-47c7-8e2a-7123796bea70
c9cf3e62-cbaf-11ec-83c9-2cfda1aeea94,Bernice,Davis,31,0,4,f430c649-b67e-47c7-8e2a-7123796bea70
c9cf3e63-cbaf-11ec-9b61-2cfda1aeea94,Dennis,Bring,32,1,0,f430c649-b67e-47c7-8e2a-7123796bea70
c9d261f8-cbaf-11ec-8d92-2cfda1aeea94,Sue,Young,33,0,4,f430c649-b67e-47c7-8e2a-7123796bea70
c9d261f9-cbaf-11ec-b6fc-2cfda1aeea94,Kerry,Rodgers,34,1,0,f430c649-b67e-47c7-8e2a-7123796bea70
c9d29e60-cbaf-11ec-956f-2cfda1aeea94,Joanne,Swink,35,0,4,f430c649-b67e-47c7-8e2a-7123796bea70
c9d33c4e-cbaf-11ec-b570-2cfda1aeea94,Oscar,Hrabal,36,1,0,f430c649-b67e-47c7-8e2a-7123796bea70
c9d801be-cbaf-11ec-a5fc-2cfda1aeea94,Faye,Thurlow,37,0,4,f430c649-b67e-47c7-8e2a-7123796bea70
c9da62f1-cbaf-11ec-8521-2cfda1aeea94,Ernesto,Yost,38,1,0,f430c649-b67e-47c7-8e2a-7123796bea70
c9da62f2-cbaf-11ec-9933-2cfda1aeea94,Nancy,Tarin,39,0,4,f430c649-b67e-47c7-8e2a-7123796bea70
c9da62f3-cbaf-11ec-8556-2cfda1aeea94,Victor,Childress,40,1,0,f430c649-b67e-47c7-8e2a-7123796bea70
c9da62f4-cbaf-11ec-9d7b-2cfda1aeea94,Raquel,Harris,41,0,4,f430c649-b67e-47c7-8e2a-7123796bea70
c9da62f5-cbaf-11ec-91cc-2cfda1aeea94,Michael,Clemente,42,1,0,f430c649-b67e-47c7-8e2a-7123796bea70
c9dcc640-cbaf-11ec-a755-2cfda1aeea94,Kristine,Campbell,43,0,4,f430c649-b67e-47c7-8e2a-7123796bea70
c9dcc641-cbaf-11ec-832c-2cfda1aeea94,Joe,Thomson,44,1,0,f430c649-b67e-47c7-8e2a-7123796bea70
c9dcc642-cbaf-11ec-b857-2cfda1aeea94,Sara,Lineberry,45,0,4,f430c649-b67e-47c7-8e2a-7123796bea70
c9dcc643-cbaf-11ec-b7fd-2cfda1aeea94,Seth,Grant,46,1,0,f430c649-b67e-47c7-8e2a-7123796bea70
c9dcc644-cbaf-11ec-878e-2cfda1aeea94,Patricia,Fisher,47,0,4,f430c649-b67e-47c7-8e2a-7123796bea70
c9dcc645-cbaf-11ec-b8a6-2cfda1aeea94,James,Harris,48,1,0,f430c649-b67e-47c7-8e2a-7123796bea70
c9dcc646-cbaf-11ec-b46b-2cfda1aeea94,Yuki,Owens,49,0,4,f430c649-b67e-47c7-8e2a-7123796bea70
c9dcc647-cbaf-11ec-a65b-2cfda1aeea94,Cole,Evans,50,1,0,f430c649-b67e-47c7-8e2a-7123796bea70
c9dcc648-cbaf-11ec-8a43-2cfda1aeea94,Lee,Chun,51,0,4,f430c649-b67e-47c7-8e2a-7123796bea70
c9df286a-cbaf-11ec-b750-2cfda1aeea94,William,Britt,52,1,0,f430c649-b67e-47c7-8e2a-7123796bea70
c9df286b-cbaf-11ec-9e1e-2cfda1aeea94,Edith,Mcleary,53,0,4,f430c649-b67e-47c7-8e2a-7123796bea70
c9e1b1e0-cbaf-11ec-94da-2cfda1aeea94,Shawn,Jenkins,54,1,0,f430c649-b67e-47c7-8e2a-7123796bea70
c9e1b1e1-cbaf-11ec-98f5-2cfda1aeea94,Irene,Bell,55,0,4,f430c649-b67e-47c7-8e2a-7123796bea70
c9e1b1e2-cbaf-11ec-9b9c-2cfda1aeea94,Martin,Greer,56,1,0,f430c649-b67e-47c7-8e2a-7123796bea70
c9e1b1e3-cbaf-11ec-9174-2cfda1aeea94,Sallie,Struck,57,0,4,f430c649-b67e-47c7-8e2a-7123796bea70
c9e1b1e4-cbaf-11ec-9f29-2cfda1aeea94,Bob,Deruyter,58,1,0,f430c649-b67e-47c7-8e2a-7123796bea70
c9e67677-cbaf-11ec-abdc-2cfda1aeea94,Michelle,Franklin,59,0,4,f430c649-b67e-47c7-8e2a-7123796bea70
c9e67678-cbaf-11ec-b5e3-2cfda1aeea94,Roy,Stewart,60,1,0,f430c649-b67e-47c7-8e2a-7123796bea70
c9e67679-cbaf-11ec-b54f-2cfda1aeea94,Hilda,Pastore,61,0,4,f430c649-b67e-47c7-8e2a-7123796bea70
c9e6767a-cbaf-11ec-be32-2cfda1aeea94,Donald,Fischer,62,1,0,f430c649-b67e-47c7-8e2a-7123796bea70
c9e6767b-cbaf-11ec-a903-2cfda1aeea94,Robin,Ness,63,0,4,f430c649-b67e-47c7-8e2a-7123796bea70
c9e6767c-cbaf-11ec-abc0-2cfda1aeea94,Lloyd,Saetern,64,1,0,f430c649-b67e-47c7-8e2a-7123796bea70
c9ec59ca-cbaf-11ec-b289-2cfda1aeea94,Lorraine,Stumpf,65,0,4,f430c649-b67e-47c7-8e2a-7123796bea70
c9ed1fe4-cbaf-11ec-be41-2cfda1aeea94,Gregg,Howell,66,1,1,f430c649-b67e-47c7-8e2a-7123796bea70
c9ed1fe5-cbaf-11ec-bbf4-2cfda1aeea94,Lucretia,Painter,67,0,1,f430c649-b67e-47c7-8e2a-7123796bea70
c9ed1fe6-cbaf-11ec-b3da-2cfda1aeea94,Robert,Holloway,68,1,1,f430c649-b67e-47c7-8e2a-7123796bea70
c9ed1fe7-cbaf-11ec-8994-2cfda1aeea94,Melanie,Owens,69,0,1,f430c649-b67e-47c7-8e2a-7123796bea70
c9ed1fe8-cbaf-11ec-8283-2cfda1aeea94,James,Williams,70,1,1,f430c649-b67e-47c7-8e2a-7123796bea70
c9ed1fe9-cbaf-11ec-b3ab-2cfda1aeea94,Lori,Powers,71,0,1,f430c649-b67e-47c7-8e2a-7123796bea70
c9ed1fea-cbaf-11ec-a3e8-2cfda1aeea94,Lloyd,Burns,72,1,1,f430c649-b67e-47c7-8e2a-7123796bea70
c9ed1feb-cbaf-11ec-8c21-2cfda1aeea94,Amanda,Price,73,0,1,f430c649-b67e-47c7-8e2a-7123796bea70
c9ed1fec-cbaf-11ec-b695-2cfda1aeea94,Gabriel,Soto,74,1,1,f430c649-b67e-47c7-8e2a-7123796bea70
c9ed1fed-cbaf-11ec-8471-2cfda1aeea94,Nancy,Ross,75,0,1,f430c649-b67e-47c7-8e2a-7123796bea70
c9ed1fee-cbaf-11ec-a27d-2cfda1aeea94,Andrew,Dorsey,76,1,1,f430c649-b67e-47c7-8e2a-7123796bea70
c9ed1fef-cbaf-11ec-8e9f-2cfda1aeea94,Catalina,Whittaker,77,0,1,f430c649-b67e-47c7-8e2a-7123796bea70
c9ed1ff0-cbaf-11ec-8ac3-2cfda1aeea94,Donald,Solomon,78,1,1,f430c649-b67e-47c7-8e2a-7123796bea70
c9ed1ff1-cbaf-11ec-b65e-2cfda1aeea94,Nancy,Nelson,79,0,1,f430c649-b67e-47c7-8e2a-7123796bea70
c9ed1ff2-cbaf-11ec-816c-2cfda1aeea94,Kevin,Norwood,80,1,1,f430c649-b67e-47c7-8e2a-7123796bea70
c9ed1ff3-cbaf-11ec-ada3-2cfda1aeea94,Krista,Littlejohn,81,0,1,f430c649-b67e-47c7-8e2a-7123796bea70
c9ed1ff4-cbaf-11ec-a96d-2cfda1aeea94,Arthur,Clower,82,1,1,f430c649-b67e-47c7-8e2a-7123796bea70
c9ef822d-cbaf-11ec-8850-2cfda1aeea94,Mary,Calnick,83,0,1,f430c649-b67e-47c7-8e2a-7123796bea70
c9f61a26-cbaf-11ec-9b0d-2cfda1aeea94,Jeffrey,Pyles,84,1,1,f430c649-b67e-47c7-8e2a-7123796bea70
c9f61a27-cbaf-11ec-b56a-2cfda1aeea94,Lesia,Clark,85,0,1,f430c649-b67e-47c7-8e2a-7123796bea70
c9f61a28-cbaf-11ec-bd0a-2cfda1aeea94,Charles,Fajardo,86,1,1,f430c649-b67e-47c7-8e2a-7123796bea70
c9f87c5f-cbaf-11ec-b693-2cfda1aeea94,Sarah,Senno,87,0,1,f430c649-b67e-47c7-8e2a-7123796bea70
c9bd5163-cbaf-11ec-833e-2cfda1aeea94,Pamela,Carr,1,0,3,f430c649-b67e-47c7-8e2a-7123796bea70
c9fd40ce-cbaf-11ec-9172-2cfda1aeea94,Bob,Spahr,88,1,1,f430c649-b67e-47c7-8e2a-7123796bea70
ca00409c-cbaf-11ec-9eca-2cfda1aeea94,Eve,Searle,89,0,1,f430c649-b67e-47c7-8e2a-7123796bea70
ca00409d-cbaf-11ec-8578-2cfda1aeea94,Mario,Harrison,90,1,1,f430c649-b67e-47c7-8e2a-7123796bea70
ca00409e-cbaf-11ec-a9f2-2cfda1aeea94,Dorothy,Vasquez,91,0,1,f430c649-b67e-47c7-8e2a-7123796bea70
ca00409f-cbaf-11ec-ac61-2cfda1aeea94,Steven,Sorel,92,1,1,f430c649-b67e-47c7-8e2a-7123796bea70
ca02a423-cbaf-11ec-a69b-2cfda1aeea94,Sarah,Baucum,93,0,1,f430c649-b67e-47c7-8e2a-7123796bea70
ca076895-cbaf-11ec-bad9-2cfda1aeea94,Gregory,Coughlin,94,1,1,f430c649-b67e-47c7-8e2a-7123796bea70
ca076896-cbaf-11ec-9509-2cfda1aeea94,Doris,Gonzalez,95,0,1,f430c649-b67e-47c7-8e2a-7123796bea70
ca076897-cbaf-11ec-9d4f-2cfda1aeea94,Mathew,Jephson,96,1,1,f430c649-b67e-47c7-8e2a-7123796bea70
ca0e8f01-cbaf-11ec-8dd4-2cfda1aeea94,Laura,Smith,97,0,1,f430c649-b67e-47c7-8e2a-7123796bea70
ca0e8f02-cbaf-11ec-9c7a-2cfda1aeea94,Claudio,Payne,98,1,1,f430c649-b67e-47c7-8e2a-7123796bea70
ca0e8f03-cbaf-11ec-a1b7-2cfda1aeea94,Lana,Strong,99,0,1,f430c649-b67e-47c7-8e2a-7123796bea70
ca0e8f04-cbaf-11ec-9b92-2cfda1aeea94,Michael,Beeson,100,1,1,f430c649-b67e-47c7-8e2a-7123796bea70
